state,year,zhvi_avg,warn_events,workers_affected,closures,layoffs,pop,births,deaths,netmig
Alabama,2010,125684.40599817276,30,3993,21,9,4785514,NA,NA,NA
Alabama,2011,119875.2648890549,36,5445,22,14,4799642,NA,NA,NA
Alabama,2012,121658.98695777968,32,5156,18,14,4816632,NA,NA,NA
Alabama,2013,128972.42280996445,41,7329,26,15,4831586,NA,NA,NA
Alabama,2014,133206.0903315903,17,4454,9,8,4843737,NA,NA,NA
Alabama,2015,135095.07187282734,26,4946,13,13,4854803,NA,NA,NA
Alabama,2016,139962.93032955003,21,3566,10,11,4866824,NA,NA,NA
Alabama,2017,144021.28831123057,12,2200,5,7,4877989,NA,NA,NA
Alabama,2018,149763.20909293127,28,3474,19,9,4891628,NA,NA,NA
Alabama,2019,158084.31326535397,17,1847,10,7,4907965,NA,NA,NA
Alabama,2020,170808.71083013905,30,5614,15,15,5032962,13899,15121,9584
Alabama,2021,194232.64329108642,9,881,5,4,5050058,57327,69137,27603
Alabama,2022,218554.76518768308,7,839,5,2,5076868,58251,67263,36109
Alabama,2023,224284.42303805656,25,3839,12,13,5117850,58640,60111,42395
Alabama,2024,228289.44355484072,21,1848,10,11,5163055,57648,59508,47055
Alabama,2025,230476.3366700249,29,4057,15,14,5193088,57680,59868,32304
Alaska,2010,245873.32613719042,1,109,0,0,713982,NA,NA,NA
Alaska,2011,242859.56783405857,0,0,0,0,722349,NA,NA,NA
Alaska,2012,248437.97607441118,4,591,2,0,730810,NA,NA,NA
Alaska,2013,256461.82697248342,1,75,0,0,737626,NA,NA,NA
Alaska,2014,260724.21754187153,0,0,0,0,737075,NA,NA,NA
Alaska,2015,270763.8353035166,1,134,0,0,738430,NA,NA,NA
Alaska,2016,277447.6324193343,4,356,1,0,742575,NA,NA,NA
Alaska,2017,279667.96516840666,4,513,0,0,740983,NA,NA,NA
Alaska,2018,283844.01532787003,7,1028,4,0,736624,NA,NA,NA
Alaska,2019,301079.4167370843,1,173,1,0,733603,NA,NA,NA
Alaska,2020,312052.2117769199,22,4281,0,0,732906,2408,1193,-1634
Alaska,2021,328181.43735324277,4,418,0,0,734590,9460,5431,-2170
Alaska,2022,350571.4623476909,1,182,0,0,733659,9392,6470,-3933
Alaska,2023,353925.9282788187,4,128,1,0,734654,9130,5616,-2578
Alaska,2024,359521.9649882188,0,0,0,0,736537,9037,5620,-1575
Alaska,2025,369641.1417316184,3,183,1,1,737270,8867,5559,-2566
Arizona,2010,157836.33675769228,22,3909,0,0,6407342,NA,NA,NA
Arizona,2011,139867.93716532498,29,2844,0,0,6473416,NA,NA,NA
Arizona,2012,147437.4826859253,51,5207,0,0,6556344,NA,NA,NA
Arizona,2013,174901.41470938455,25,3173,0,0,6634690,NA,NA,NA
Arizona,2014,192349.73893761187,30,5915,0,0,6732873,NA,NA,NA
Arizona,2015,202642.6238367143,45,5526,0,0,6832810,NA,NA,NA
Arizona,2016,219546.27868946237,33,3865,0,0,6944767,NA,NA,NA
Arizona,2017,234500.86460186102,14,1527,0,0,7048088,NA,NA,NA
Arizona,2018,252412.50984014766,34,3696,0,0,7164228,NA,NA,NA
Arizona,2019,269611.694690298,56,6681,0,0,7291843,NA,NA,NA
Arizona,2020,295886.2923850681,188,30648,0,0,7186647,18108,18083,30113
Arizona,2021,365920.4358490541,17,2487,0,0,7274022,75661,80332,92249
Arizona,2022,441928.48324257875,25,2202,0,0,7370065,79135,79842,94991
Arizona,2023,423525.5976967868,80,8091,0,0,7452073,78678,70826,74551
Arizona,2024,433541.30880981457,82,8481,0,0,7556424,78372,69279,95046
Arizona,2025,424056.80890933075,90,18065,0,0,7623818,78926,71277,59326
Arkansas,2010,120666.4798173275,0,0,0,0,2921998,NA,NA,NA
Arkansas,2011,117399.90218977715,0,0,0,0,2941038,NA,NA,NA
Arkansas,2012,118784.72319780818,0,0,0,0,2952876,NA,NA,NA
Arkansas,2013,122086.89129040203,0,0,0,0,2960459,NA,NA,NA
Arkansas,2014,124354.35476839107,0,0,0,0,2968759,NA,NA,NA
Arkansas,2015,128180.46656517439,0,0,0,0,2979732,NA,NA,NA
Arkansas,2016,134350.76271092967,0,0,0,0,2991815,NA,NA,NA
Arkansas,2017,138817.81455394442,0,0,0,0,3003855,NA,NA,NA
Arkansas,2018,144020.15174059384,0,0,0,0,3012161,NA,NA,NA
Arkansas,2019,149680.67139197455,0,0,0,0,3020985,NA,NA,NA
Arkansas,2020,158734.50268268873,0,0,0,0,3014399,8518,8462,2619
Arkansas,2021,179155.10357754,0,0,0,0,3027127,34950,40142,17566
Arkansas,2022,200133.01306918488,0,0,0,0,3047429,36160,40393,24600
Arkansas,2023,205064.65995561634,0,0,0,0,3069856,35330,36406,23417
Arkansas,2024,211475.46025319106,0,0,0,0,3096080,35272,36294,27163
Arkansas,2025,215132.3653171951,0,0,0,0,3114791,35414,36638,19945
California,2010,304768.70530202455,957,53668,0,0,37319550,NA,NA,NA
California,2011,288166.01822011423,818,54393,0,0,37636311,NA,NA,NA
California,2012,283504.5238978657,725,48948,0,0,37944551,NA,NA,NA
California,2013,334564.8177607844,903,61588,0,0,38253768,NA,NA,NA
California,2014,384372.7009853879,750,67420,103,231,38586706,NA,NA,NA
California,2015,412642.3696298063,756,59759,245,511,38904296,NA,NA,NA
California,2016,440246.74167494354,704,63258,329,375,39149186,NA,NA,NA
California,2017,476481.5914485232,645,62341,314,331,39337785,NA,NA,NA
California,2018,521936.34483768296,673,63439,347,326,39437463,NA,NA,NA
California,2019,536967.654065625,772,65962,388,384,39437610,NA,NA,NA
California,2020,563401.3407959783,6082,659226,1010,5072,39527808,103116,74350,-61011
California,2021,651426.1484425177,616,50226,263,353,39152927,412508,344771,-426637
California,2022,739682.4099192168,696,48454,268,428,39125347,424110,318097,-129980
California,2023,730116.4657003457,1701,98206,433,1268,39181667,410395,303116,-51778
California,2024,768022.4587325177,1573,86771,430,1143,39364774,400854,289060,71150
California,2025,766606.8716627036,1656,89371,609,1042,39355309,398632,288917,-119799
Colorado,2010,223303.80857955728,0,0,0,0,5047539,NA,NA,NA
Colorado,2011,214715.77340241193,0,0,0,0,5121900,NA,NA,NA
Colorado,2012,218104.1606283365,0,0,0,0,5193660,NA,NA,NA
Colorado,2013,236966.5278785514,0,0,0,0,5270774,NA,NA,NA
Colorado,2014,256192.14658116255,0,0,0,0,5352637,NA,NA,NA
Colorado,2015,286712.6023445692,64,6806,39,2,5454328,NA,NA,NA
Colorado,2016,319492.52933185553,66,6466,36,0,5543844,NA,NA,NA
Colorado,2017,348694.8657517813,32,2971,17,0,5617421,NA,NA,NA
Colorado,2018,374736.3907004168,37,4175,16,0,5697155,NA,NA,NA
Colorado,2019,392782.7727996092,51,6564,29,2,5758486,NA,NA,NA
Colorado,2020,414764.073157882,277,32032,96,32,5786873,15563,11888,7440
Colorado,2021,479160.04335079755,43,5847,12,2,5814368,62064,46505,10117
Colorado,2022,550687.6198894894,30,3393,14,0,5853355,62598,49604,26898
Colorado,2023,540325.2467402689,80,5412,16,9,5912240,62233,45204,41928
Colorado,2024,546781.405423722,71,5416,18,2,5988502,62517,44713,58308
Colorado,2025,540378.4508635472,66,5890,38,2,6012561,65380,44772,3256
Connecticut,2010,252207.4209288135,0,0,0,0,3579173,NA,NA,NA
Connecticut,2011,238424.5204051889,0,0,0,0,3588632,NA,NA,NA
Connecticut,2012,227164.08535996426,0,0,0,0,3595211,NA,NA,NA
Connecticut,2013,228767.3648591424,0,0,0,0,3595792,NA,NA,NA
Connecticut,2014,233102.38786750182,29,3093,19,9,3595697,NA,NA,NA
Connecticut,2015,234482.76806776415,39,3927,21,17,3588561,NA,NA,NA
Connecticut,2016,237320.9278773148,44,3231,30,13,3579830,NA,NA,NA
Connecticut,2017,242955.73391024195,46,3365,28,17,3575324,NA,NA,NA
Connecticut,2018,248581.82683739378,37,3035,24,8,3574561,NA,NA,NA
Connecticut,2019,251769.9779035584,29,2014,25,3,3566022,NA,NA,NA
Connecticut,2020,263071.5182976874,121,11646,56,61,3579643,8460,11936,-20799
Connecticut,2021,302356.90705576155,14,1915,9,2,3607765,33924,34598,26880
Connecticut,2022,336860.8798400018,9,1297,6,0,3618707,35611,34903,11754
Connecticut,2023,361769.69363858446,25,2271,13,0,3641369,35082,33014,21171
Connecticut,2024,395654.9110749848,28,1972,14,2,3674449,34584,32883,31629
Connecticut,2025,413058.70018196956,34,1994,16,18,3688496,34700,32417,11589
Delaware,2010,239100.73148681346,2,600,0,0,899647,NA,NA,NA
Delaware,2011,224257.96288548192,4,1483,0,0,907590,NA,NA,NA
Delaware,2012,212025.74418429701,1,426,0,0,915518,NA,NA,NA
Delaware,2013,214628.01761708618,3,1670,0,0,924062,NA,NA,NA
Delaware,2014,224103.39251811674,1,58,0,0,933131,NA,NA,NA
Delaware,2015,233950.4746452129,4,2156,0,0,942065,NA,NA,NA
Delaware,2016,244682.69892073885,4,434,0,0,949989,NA,NA,NA
Delaware,2017,254815.23127666226,7,884,0,0,957942,NA,NA,NA
Delaware,2018,261689.70449151724,3,251,0,0,966985,NA,NA,NA
Delaware,2019,269033.0319593866,2,605,0,0,976668,NA,NA,NA
Delaware,2020,278747.0321933977,16,3947,0,0,991890,2577,2966,2299
Delaware,2021,319880.4162959683,3,261,0,0,1005130,10162,11246,14619
Delaware,2022,356545.87958234973,1,91,0,0,1020279,10844,11508,15620
Delaware,2023,370633.4202082695,2,613,0,0,1035354,10721,10983,15194
Delaware,2024,383150.999799934,0,0,0,0,1050123,10422,10619,14839
Delaware,2025,391618.3305379249,2,153,0,0,1059952,10328,10882,10328
District of Columbia,2010,360050.02620574774,0,0,0,0,605282,NA,NA,NA
District of Columbia,2011,357732.0970150471,0,0,0,0,620290,NA,NA,NA
District of Columbia,2012,364098.45357101195,0,0,0,0,635737,NA,NA,NA
District of Columbia,2013,406779.7513699545,0,0,0,0,651559,NA,NA,NA
District of Columbia,2014,449497.26577031676,0,0,0,0,663603,NA,NA,NA
District of Columbia,2015,475926.947432889,0,0,0,0,677014,NA,NA,NA
District of Columbia,2016,501048.951219474,0,0,0,0,687576,NA,NA,NA
District of Columbia,2017,521905.9681965958,0,0,0,0,697079,NA,NA,NA
District of Columbia,2018,549530.3938147821,0,0,0,0,704147,NA,NA,NA
District of Columbia,2019,564977.7101239957,0,0,0,0,708253,NA,NA,NA
District of Columbia,2020,588939.2231254415,0,0,0,0,670958,2189,2002,-15344
District of Columbia,2021,623241.2542480947,0,0,0,0,669637,8504,5810,-4513
District of Columbia,2022,635134.1204458803,0,0,0,0,674501,8495,5567,2484
District of Columbia,2023,611692.0861937257,0,0,0,0,682559,8055,5050,5164
District of Columbia,2024,599667.5524514224,0,0,0,0,691310,7747,4920,5921
District of Columbia,2025,580335.7017664908,0,0,0,0,693645,7336,4820,-213
Florida,2010,146401.55249851814,105,13817,0,0,18846143,NA,NA,NA
Florida,2011,133014.3984703928,141,19702,0,0,19055607,NA,NA,NA
Florida,2012,132086.46377734074,165,16997,0,0,19302016,NA,NA,NA
Florida,2013,147776.485923983,127,14805,0,0,19551678,NA,NA,NA
Florida,2014,166204.796488145,105,13778,0,0,19853880,NA,NA,NA
Florida,2015,181100.03482374828,85,12639,0,0,20219111,NA,NA,NA
Florida,2016,198285.1881222081,101,12400,0,0,20627237,NA,NA,NA
Florida,2017,214322.94177095557,268,27277,0,0,20977089,NA,NA,NA
Florida,2018,230649.56212495928,123,16613,0,0,21254926,NA,NA,NA
Florida,2019,242676.62620598444,151,13060,0,0,21492056,NA,NA,NA
Florida,2020,257027.53982653155,1339,182615,0,0,21591325,50409,56364,64500
Florida,2021,299432.67135770473,104,12136,0,0,21836698,208256,250266,300077
Florida,2022,374163.7194970795,115,10007,0,0,22413989,222202,260264,598737
Florida,2023,390680.78105489817,210,10031,0,0,22929248,224378,231949,517095
Florida,2024,397116.9268908519,211,11800,1,11,23265838,221213,229252,342075
Florida,2025,381171.8656271364,211,19022,78,105,23462518,225971,227304,201191
Georgia,2010,138015.0938683066,0,0,0,0,9712209,NA,NA,NA
Georgia,2011,125067.26483499224,0,0,0,0,9803630,NA,NA,NA
Georgia,2012,121597.72468560541,0,0,0,0,9903580,NA,NA,NA
Georgia,2013,131704.12743797517,0,0,0,0,9975592,NA,NA,NA
Georgia,2014,145857.07431670898,0,0,0,0,10071204,NA,NA,NA
Georgia,2015,154987.4609604798,0,0,0,0,10183353,NA,NA,NA
Georgia,2016,165245.1809403727,0,0,0,0,10308442,NA,NA,NA
Georgia,2017,175871.17877307915,0,0,0,0,10417031,NA,NA,NA
Georgia,2018,191067.16845982638,0,0,0,0,10519389,NA,NA,NA
Georgia,2019,205147.03849621076,0,0,0,0,10628020,NA,NA,NA
Georgia,2020,220254.2662722945,0,0,0,0,10732595,29838,24705,12316
Georgia,2021,260237.74894080966,0,0,0,0,10793038,121375,109407,47242
Georgia,2022,313410.7985939771,0,0,0,0,10929992,125747,110519,121721
Georgia,2023,323227.8974555716,52,7351,27,25,11063669,126265,98375,105074
Georgia,2024,334420.7269693369,67,7984,35,32,11204208,125708,97476,111929
Georgia,2025,330568.43842773384,87,15275,51,36,11302748,126446,97815,69912
Hawaii,2010,414434.8055873455,0,0,0,0,1364004,NA,NA,NA
Hawaii,2011,414620.00706669124,0,0,0,0,1379562,NA,NA,NA
Hawaii,2012,410723.32028204703,0,0,0,0,1395199,NA,NA,NA
Hawaii,2013,437000.6393679533,0,0,0,0,1408822,NA,NA,NA
Hawaii,2014,475036.1590025434,0,0,0,0,1415335,NA,NA,NA
Hawaii,2015,506023.12038059573,0,0,0,0,1422999,NA,NA,NA
Hawaii,2016,535461.1225545413,0,0,0,0,1428885,NA,NA,NA
Hawaii,2017,566376.8102203669,0,0,0,0,1425763,NA,NA,NA
Hawaii,2018,594778.6484669403,0,0,0,0,1423102,NA,NA,NA
Hawaii,2019,605524.8663450545,25,2375,9,8,1415615,NA,NA,NA
Hawaii,2020,621825.5854880014,258,62801,20,228,1451130,3825,2858,-4742
Hawaii,2021,695969.2691394858,41,7271,8,24,1446909,15525,12239,-7797
Hawaii,2022,820544.0625441886,29,3118,6,12,1437812,15726,13490,-11401
Hawaii,2023,823653.5514550392,23,2779,3,10,1434950,15245,12979,-4977
Hawaii,2024,837723.6478937361,23,2173,7,8,1434952,14737,12704,-1898
Hawaii,2025,825831.6819791022,27,1914,7,14,1432820,14631,12607,-4108
Idaho,2010,161233.52037240003,3,322,0,0,1570819,NA,NA,NA
Idaho,2011,145230.04201441206,2,772,0,0,1584272,NA,NA,NA
Idaho,2012,148628.85778596613,24,987,0,0,1595910,NA,NA,NA
Idaho,2013,164828.09475665566,7,900,0,0,1612053,NA,NA,NA
Idaho,2014,176583.9143347846,14,4417,0,0,1632248,NA,NA,NA
Idaho,2015,186581.38212200842,9,1014,0,0,1652495,NA,NA,NA
Idaho,2016,202175.91331641848,20,1236,0,0,1684036,NA,NA,NA
Idaho,2017,220508.03401058592,7,458,0,0,1719745,NA,NA,NA
Idaho,2018,245968.291236721,8,1431,0,0,1752074,NA,NA,NA
Idaho,2019,275023.9891057252,4,449,0,0,1789060,NA,NA,NA
Idaho,2020,312581.42277975136,35,2156,0,0,1849328,5459,3630,8870
Idaho,2021,416629.59579567774,3,758,0,0,1904855,21845,17114,53049
Idaho,2022,476069.1434350176,3,352,0,0,1942951,22375,18939,33927
Idaho,2023,446735.7597802714,15,729,0,0,1970497,22357,16829,21892
Idaho,2024,454695.9149692891,7,1099,0,0,2000872,22868,16782,24129
Idaho,2025,460920.2477989498,14,1001,0,0,2029733,23695,16795,22063
Illinois,2010,162774.64021959892,0,0,0,0,12840545,NA,NA,NA
Illinois,2011,149040.50732597057,0,0,0,0,12867783,NA,NA,NA
Illinois,2012,140260.5630003803,0,0,0,0,12883029,NA,NA,NA
Illinois,2013,144656.1809667334,0,0,0,0,12895778,NA,NA,NA
Illinois,2014,156073.03143278186,0,0,0,0,12885092,NA,NA,NA
Illinois,2015,162198.7113698821,0,0,0,0,12859585,NA,NA,NA
Illinois,2016,170208.5450012079,0,0,0,0,12821709,NA,NA,NA
Illinois,2017,178078.76467041372,0,0,0,0,12779893,NA,NA,NA
Illinois,2018,185993.39609625208,0,0,0,0,12724685,NA,NA,NA
Illinois,2019,190973.69829386324,0,0,0,0,12667017,NA,NA,NA
Illinois,2020,197539.92996397812,518,76539,109,386,12795348,33452,35327,-24722
Illinois,2021,218185.11191757777,69,8751,34,29,12703354,131839,128445,-96932
Illinois,2022,238759.3188263706,54,5839,41,12,12609577,129746,127075,-98171
Illinois,2023,245951.3512669328,109,16598,75,33,12633389,127000,116926,14362
Illinois,2024,261148.61971116118,116,15232,74,42,12703033,125470,113529,58041
Illinois,2025,272336.4891755834,136,14708,73,62,12719141,125129,114226,4735
Indiana,2010,113275.56996158724,78,9256,48,30,6490555,NA,NA,NA
Indiana,2011,110182.19031188278,96,11052,60,36,6517250,NA,NA,NA
Indiana,2012,110564.41350663686,88,11316,58,30,6538989,NA,NA,NA
Indiana,2013,112970.73569809103,94,15132,58,36,6570575,NA,NA,NA
Indiana,2014,116899.61329736345,88,10248,66,22,6596019,NA,NA,NA
Indiana,2015,121279.76474279979,92,10732,52,40,6611442,NA,NA,NA
Indiana,2016,127087.48454921195,84,11806,50,34,6637898,NA,NA,NA
Indiana,2017,134304.06647682193,116,21594,64,52,6662068,NA,NA,NA
Indiana,2018,143924.14717982564,96,12346,70,26,6698481,NA,NA,NA
Indiana,2019,153847.59281184184,70,10460,52,18,6731010,NA,NA,NA
Indiana,2020,165629.76786835873,310,68630,88,216,6790290,19425,19147,1977
Indiana,2021,190539.2595834976,58,5622,46,12,6814223,77620,77873,21134
Indiana,2022,216156.3543665553,64,9796,36,28,6841491,80451,79703,29467
Indiana,2023,225213.5706585029,86,10320,48,38,6881373,79708,72091,32826
Indiana,2024,235998.9522612869,82,6752,58,22,6934754,79448,70277,44438
Indiana,2025,244616.9239836216,62,7886,46,14,6973333,79648,71087,30049
Iowa,2010,118303.57502908292,58,7660,22,10,3050819,NA,NA,NA
Iowa,2011,115644.29369712963,62,5726,10,24,3066772,NA,NA,NA
Iowa,2012,117464.76696832306,58,4976,22,20,3076844,NA,NA,NA
Iowa,2013,122601.4308206181,40,1250,8,2,3093935,NA,NA,NA
Iowa,2014,127095.9240209156,64,4082,18,22,3110643,NA,NA,NA
Iowa,2015,132160.39934028027,102,11954,14,60,3122541,NA,NA,NA
Iowa,2016,138513.7404182163,182,9280,36,60,3133210,NA,NA,NA
Iowa,2017,142949.9299212265,104,7642,30,44,3143734,NA,NA,NA
Iowa,2018,148871.57157655022,136,8090,74,44,3149900,NA,NA,NA
Iowa,2019,156302.86562600933,158,9802,62,54,3159596,NA,NA,NA
Iowa,2020,163809.38989043995,138,10804,34,98,3191081,9091,8032,-1043
Iowa,2021,179108.9095200134,72,7028,26,24,3199037,35845,35466,5995
Iowa,2022,198128.03394806857,178,8114,62,54,3201890,36774,35685,2934
Iowa,2023,205687.00290549835,184,7186,50,94,3214739,36415,32987,9773
Iowa,2024,213611.41948735568,240,13172,74,118,3230454,36280,32751,12274
Iowa,2025,221679.3876182752,387,16165,89,176,3238387,36470,33521,4933
Kansas,2010,118176.58409854169,48,5487,0,0,2858266,NA,NA,NA
Kansas,2011,114408.72073771416,53,3664,0,0,2869677,NA,NA,NA
Kansas,2012,114491.60506526896,54,4460,0,0,2886024,NA,NA,NA
Kansas,2013,117209.8550240952,26,1780,0,0,2894306,NA,NA,NA
Kansas,2014,120010.99525411458,37,5280,0,0,2901861,NA,NA,NA
Kansas,2015,125645.82505531904,25,2768,0,0,2910717,NA,NA,NA
Kansas,2016,131152.62157381556,18,2459,0,0,2912977,NA,NA,NA
Kansas,2017,136020.7253286949,15,2306,0,0,2910892,NA,NA,NA
Kansas,2018,142682.67449621306,18,2044,0,0,2912748,NA,NA,NA
Kansas,2019,149677.04957220142,19,1957,0,0,2912635,NA,NA,NA
Kansas,2020,161044.73464959458,62,15642,0,0,2938274,8501,6984,-1768
Kansas,2021,180922.00841990352,8,1125,0,0,2938966,34178,32781,-2542
Kansas,2022,203291.7465202566,8,951,0,0,2938034,34404,33232,-915
Kansas,2023,213852.50202302818,18,23436,0,0,2949749,34681,30221,7531
Kansas,2024,224644.83056279193,13,3476,0,0,2965252,33957,29122,10773
Kansas,2025,232926.1022539074,12,946,0,0,2977220,34416,29465,6921
Kentucky,2010,113745.68697592481,38,4311,24,14,4348464,NA,NA,NA
Kentucky,2011,110454.07618596723,34,3875,17,17,4370817,NA,NA,NA
Kentucky,2012,110764.26672562056,77,10140,51,23,4387865,NA,NA,NA
Kentucky,2013,112328.85720520194,58,7411,39,21,4406906,NA,NA,NA
Kentucky,2014,115571.78671159758,39,5451,15,23,4416992,NA,NA,NA
Kentucky,2015,119281.28392734457,77,7339,44,32,4429126,NA,NA,NA
Kentucky,2016,125139.70933140222,42,5908,28,14,4440306,NA,NA,NA
Kentucky,2017,131611.127593737,30,2841,20,10,4455590,NA,NA,NA
Kentucky,2018,139466.7912330547,34,4130,21,13,4464273,NA,NA,NA
Kentucky,2019,147344.83780470776,30,4839,14,16,4472345,NA,NA,NA
Kentucky,2020,158192.5013159684,129,16717,26,103,4508271,12636,12754,1148
Kentucky,2021,178830.75902184943,18,2789,13,5,4508348,51493,58343,4766
Kentucky,2022,198302.23320815404,14,2422,7,6,4521238,52462,61378,22881
Kentucky,2023,207669.1525699235,42,4054,24,18,4549953,52597,54273,30611
Kentucky,2024,217149.93155438954,44,3510,28,16,4584046,52350,53307,35223
Kentucky,2025,228479.51630043623,56,4684,45,10,4606864,52982,53065,22978
Louisiana,2010,161100.62902134485,38,9054,0,0,4544635,NA,NA,NA
Louisiana,2011,156938.50357010725,20,1357,0,0,4576244,NA,NA,NA
Louisiana,2012,156822.4357463633,44,3241,0,0,4602067,NA,NA,NA
Louisiana,2013,161178.58474013186,25,1983,0,0,4626040,NA,NA,NA
Louisiana,2014,164932.01409689712,31,3885,0,0,4645938,NA,NA,NA
Louisiana,2015,173442.68045533137,33,4577,0,0,4666998,NA,NA,NA
Louisiana,2016,179405.64328639643,36,4061,0,0,4681346,NA,NA,NA
Louisiana,2017,178579.43657495722,29,2437,0,0,4673673,NA,NA,NA
Louisiana,2018,181119.28716219615,19,2377,0,0,4664450,NA,NA,NA
Louisiana,2019,187078.7919729717,23,3473,0,0,4658285,NA,NA,NA
Louisiana,2020,196270.39380262553,110,20322,0,0,4652145,13562,14807,-4970
Louisiana,2021,206340.79723731184,19,2718,0,0,4628595,57077,56899,-24002
Louisiana,2022,217619.98290925572,12,1173,0,0,4600892,56554,56822,-28174
Louisiana,2023,212905.62355931048,20,1530,0,0,4598777,56694,50219,-8499
Louisiana,2024,208238.34086451342,25,2412,0,0,4614878,53942,49783,12081
Louisiana,2025,207307.99602593883,22,4772,0,0,4618189,51886,49112,513
Maine,2010,176803.44295514197,0,0,0,0,1327651,NA,NA,NA
Maine,2011,173241.79690590219,0,0,0,0,1328473,NA,NA,NA
Maine,2012,170962.43177097628,1,423,0,0,1328094,NA,NA,NA
Maine,2013,173624.9421271794,1,270,0,0,1328543,NA,NA,NA
Maine,2014,177887.90432627252,3,1145,0,0,1331217,NA,NA,NA
Maine,2015,182348.1981656177,3,620,0,0,1329098,NA,NA,NA
Maine,2016,191783.91901842717,1,210,0,0,1332348,NA,NA,NA
Maine,2017,204483.3005977504,8,446,0,0,1335743,NA,NA,NA
Maine,2018,218053.07323178742,2,272,0,0,1340123,NA,NA,NA
Maine,2019,228728.26095987298,6,600,0,0,1345770,NA,NA,NA
Maine,2020,249330.94550724336,33,2549,0,0,1364546,2994,3713,1858
Maine,2021,301097.69057821995,2,396,0,0,1379009,11592,16133,19113
Maine,2022,346417.50649942504,2,369,0,0,1391585,12056,17964,18228
Maine,2023,367356.53268168983,13,1046,0,0,1401992,11925,17066,15572
Maine,2024,389152.2180425188,5,177,0,0,1408438,11615,16801,11701
Maine,2025,394118.9035247426,7,4725,0,0,1414874,11783,16802,11446
Maryland,2010,259637.64225473144,41,6401,21,20,5788784,NA,NA,NA
Maryland,2011,244831.3591437814,96,5736,46,50,5840241,NA,NA,NA
Maryland,2012,240496.40524890213,63,6964,29,34,5888375,NA,NA,NA
Maryland,2013,253186.38867648647,30,3208,15,14,5925197,NA,NA,NA
Maryland,2014,266707.2182668296,40,4155,18,22,5960064,NA,NA,NA
Maryland,2015,273334.3304107928,30,3227,11,19,5988528,NA,NA,NA
Maryland,2016,281297.14504515706,45,5135,29,16,6007014,NA,NA,NA
Maryland,2017,291433.1145885928,43,2723,26,17,6028186,NA,NA,NA
Maryland,2018,301700.1818319627,40,3477,16,24,6042153,NA,NA,NA
Maryland,2019,312139.4184323296,52,5293,38,14,6054954,NA,NA,NA
Maryland,2020,326901.7105542319,348,30085,55,293,6178387,17173,16944,-4536
Maryland,2021,365331.3463300295,84,3402,19,65,6176035,67473,59034,-12770
Maryland,2022,392780.9956731021,94,7098,29,65,6183257,69100,57669,-3932
Maryland,2023,401930.27913298056,78,7002,39,39,6204927,67632,54005,8197
Maryland,2024,415165.7264094021,76,5973,40,36,6245314,65678,54060,29008
Maryland,2025,423383.8219902384,143,12407,51,91,6265347,65090,53646,8376
Massachusetts,2010,305911.47025921656,0,0,0,0,6566440,NA,NA,NA
Massachusetts,2011,295022.5420557962,0,0,0,0,6614218,NA,NA,NA
Massachusetts,2012,288511.1243582775,0,0,0,0,6664269,NA,NA,NA
Massachusetts,2013,304364.8232710072,0,0,0,0,6715158,NA,NA,NA
Massachusetts,2014,322815.5391053144,0,0,0,0,6764864,NA,NA,NA
Massachusetts,2015,338497.4534890703,0,0,0,0,6797484,NA,NA,NA
Massachusetts,2016,360095.94835243374,0,0,0,0,6827280,NA,NA,NA
Massachusetts,2017,384088.935742775,0,0,0,0,6863560,NA,NA,NA
Massachusetts,2018,408131.3407630043,0,0,0,0,6885720,NA,NA,NA
Massachusetts,2019,419613.8367539312,17,896,0,0,6894883,NA,NA,NA
Massachusetts,2020,441124.23044056725,246,37190,0,0,6985320,17109,22152,-35955
Massachusetts,2021,502310.31611806265,29,1041,0,0,6996721,66440,61619,7042
Massachusetts,2022,554118.387811417,45,3940,0,0,7025465,68943,63685,25643
Massachusetts,2023,575591.7240176543,86,6738,0,0,7073479,68137,61772,42228
Massachusetts,2024,616965.7735774462,75,7515,0,0,7138560,67857,61060,58762
Massachusetts,2025,632935.2116228262,82,7722,0,0,7154084,68055,59636,6900
Michigan,2010,98869.43592720454,49,5502,32,17,9877597,NA,NA,NA
Michigan,2011,92948.86593281264,40,4202,22,18,9883053,NA,NA,NA
Michigan,2012,94313.47497785852,46,3859,40,6,9898289,NA,NA,NA
Michigan,2013,104924.54712858831,42,6309,35,7,9914802,NA,NA,NA
Michigan,2014,116669.71343256407,48,5722,38,10,9932033,NA,NA,NA
Michigan,2015,124733.03082848588,33,4656,17,16,9934483,NA,NA,NA
Michigan,2016,133684.00921701072,41,7052,17,24,9954117,NA,NA,NA
Michigan,2017,143749.52180351113,55,6923,35,20,9976752,NA,NA,NA
Michigan,2018,154928.30460548238,60,7063,45,15,9987286,NA,NA,NA
Michigan,2019,164658.8239068334,66,11432,41,25,9984795,NA,NA,NA
Michigan,2020,175244.53553031327,252,44121,56,196,10072294,26565,31059,-4487
Michigan,2021,201040.23230957953,15,1437,12,3,10042362,102703,115213,-21246
Michigan,2022,221629.34942567095,35,5585,19,16,10043906,104377,117925,17209
Michigan,2023,227290.66686016548,68,11565,36,32,10062124,100955,106173,24479
Michigan,2024,238677.4501949585,77,8215,38,39,10099962,99603,103436,42421
Michigan,2025,246896.19471942153,80,9086,44,36,10127884,99680,104678,32502
Minnesota,2010,170853.27150626335,0,0,0,0,5310934,NA,NA,NA
Minnesota,2011,157084.34706657822,0,0,0,0,5346620,NA,NA,NA
Minnesota,2012,155426.98415238675,0,0,0,0,5377500,NA,NA,NA
Minnesota,2013,170465.90885303804,0,0,0,0,5414722,NA,NA,NA
Minnesota,2014,183332.73197991436,0,0,0,0,5452665,NA,NA,NA
Minnesota,2015,192146.79665227784,0,0,0,0,5484002,NA,NA,NA
Minnesota,2016,204951.6550728311,1,10,0,0,5525360,NA,NA,NA
Minnesota,2017,219224.92351139963,9,315,0,0,5569283,NA,NA,NA
Minnesota,2018,234078.67274298894,123,8887,0,0,5608762,NA,NA,NA
Minnesota,2019,246372.9227482818,281,11581,0,0,5640053,NA,NA,NA
Minnesota,2020,260304.70194321402,211,21023,31,55,5710562,16435,12761,-1150
Minnesota,2021,292067.71489592385,24,1566,20,1,5714055,62936,51365,-9447
Minnesota,2022,317913.89098195353,28,1107,23,1,5727565,64525,53415,3196
Minnesota,2023,320303.46087406843,141,6170,127,0,5752998,62997,49962,13069
Minnesota,2024,326240.8258484196,214,3456,156,0,5797405,61344,49730,33156
Minnesota,2025,334091.250482074,203,4805,171,1,5830405,62576,50505,20786
Mississippi,2010,116812.16546068259,35,2973,10,25,2970615,NA,NA,NA
Mississippi,2011,114282.10143111351,56,3941,18,38,2979147,NA,NA,NA
Mississippi,2012,113743.74504174921,72,6578,37,33,2984599,NA,NA,NA
Mississippi,2013,113890.20257344474,56,6611,26,30,2989839,NA,NA,NA
Mississippi,2014,117718.12588185674,70,6230,33,37,2991892,NA,NA,NA
Mississippi,2015,126913.33257338425,39,2188,13,26,2990231,NA,NA,NA
Mississippi,2016,132473.5567499625,36,3033,19,17,2990595,NA,NA,NA
Mississippi,2017,134374.5055485841,44,3259,18,25,2990674,NA,NA,NA
Mississippi,2018,137567.68426294846,40,2727,23,17,2982879,NA,NA,NA
Mississippi,2019,142449.23956627,37,3618,18,19,2978227,NA,NA,NA
Mississippi,2020,149378.48711668764,143,19568,30,113,2958385,8509,9674,-2041
Mississippi,2021,166692.88226065805,18,1653,8,10,2947603,35080,41695,-4759
Mississippi,2022,183477.07071144457,24,2485,14,10,2941237,34994,40681,-70
Mississippi,2023,182278.7320745901,33,4237,16,17,2942470,35099,35712,2015
Mississippi,2024,185024.25101814378,23,1840,14,9,2950172,33926,35909,9637
Mississippi,2025,188086.32452825925,22,1935,11,11,2954160,33168,35775,6534
Missouri,2010,130007.52985213613,21,3050,11,10,5996089,NA,NA,NA
Missouri,2011,122599.47322596799,33,4092,17,16,6011182,NA,NA,NA
Missouri,2012,120665.62389151329,101,6995,80,21,6026027,NA,NA,NA
Missouri,2013,123897.2222834683,49,4850,34,15,6042989,NA,NA,NA
Missouri,2014,128187.36880845805,39,4231,23,16,6059130,NA,NA,NA
Missouri,2015,133485.81988667743,43,4705,32,11,6075411,NA,NA,NA
Missouri,2016,140823.8811510157,47,5320,25,22,6091384,NA,NA,NA
Missouri,2017,148571.28079754318,31,3781,21,10,6111382,NA,NA,NA
Missouri,2018,156955.08755841706,40,6273,36,4,6125986,NA,NA,NA
Missouri,2019,164835.3016670669,26,2699,23,3,6140475,NA,NA,NA
Missouri,2020,175951.96674127007,162,33232,18,144,6155074,17212,16738,-512
Missouri,2021,201944.55704064973,26,4578,2,24,6172551,68744,75371,21595
Missouri,2022,227800.55271065506,11,2065,3,3,6179285,68867,75703,14887
Missouri,2023,236668.14181279571,34,6416,21,5,6205956,68355,68565,27255
Missouri,2024,246106.05816864708,37,4607,12,24,6243544,67693,66472,36461
Missouri,2025,252985.53430269985,51,5547,29,14,6270541,68377,68200,26693
Montana,2010,181166.9169148115,0,0,0,0,990730,NA,NA,NA
Montana,2011,175354.45472661132,0,0,0,0,997518,NA,NA,NA
Montana,2012,178549.5403180135,0,0,0,0,1004168,NA,NA,NA
Montana,2013,188233.83258049336,0,0,0,0,1014158,NA,NA,NA
Montana,2014,198654.6003817217,0,0,0,0,1022657,NA,NA,NA
Montana,2015,211054.91371003355,10,1192,0,0,1031495,NA,NA,NA
Montana,2016,222554.0363282666,6,300,0,0,1042137,NA,NA,NA
Montana,2017,233016.3600487868,2,160,0,0,1053862,NA,NA,NA
Montana,2018,247047.4856682893,2,2,0,0,1061818,NA,NA,NA
Montana,2019,260265.7140962266,0,0,0,0,1070123,NA,NA,NA
Montana,2020,281484.97778287623,24,1462,0,0,1087156,2824,2535,2757
Montana,2021,350653.9812022071,4,316,0,0,1106416,10851,12271,21405
Montana,2022,423840.2815297647,0,0,0,0,1121533,11210,12991,16272
Montana,2023,425394.4082230741,8,1118,0,0,1130612,11027,11433,9429
Montana,2024,441815.64380559383,12,2220,0,0,1137557,11294,11517,7192
Montana,2025,450338.9966032486,16,1308,0,0,1144694,11348,11438,7247
Nebraska,2010,128606.34316608877,0,0,0,0,1829591,NA,NA,NA
Nebraska,2011,124860.94972523363,0,0,0,0,1840914,NA,NA,NA
Nebraska,2012,125479.63275464442,0,0,0,0,1853691,NA,NA,NA
Nebraska,2013,129987.65894849034,0,0,0,0,1865813,NA,NA,NA
Nebraska,2014,134579.30694370577,72,1850,38,34,1879955,NA,NA,NA
Nebraska,2015,140641.2809568649,120,4107,67,37,1892059,NA,NA,NA
Nebraska,2016,148775.4118865225,114,2522,91,18,1906483,NA,NA,NA
Nebraska,2017,156927.6615137038,133,2279,105,28,1916998,NA,NA,NA
Nebraska,2018,166759.14765398268,134,2864,108,26,1925512,NA,NA,NA
Nebraska,2019,176009.08286938508,199,4204,179,20,1932571,NA,NA,NA
Nebraska,2020,187858.27273999498,40,3454,9,9,1963318,6056,4464,-665
Nebraska,2021,212056.10234979494,1,93,1,0,1964697,24399,19547,-4236
Nebraska,2022,235534.90242685983,4,570,3,1,1972595,24223,19432,3823
Nebraska,2023,247553.66838214663,19,1380,7,12,1988172,24579,18435,9664
Nebraska,2024,257179.39549806633,8,694,4,4,2005591,24446,18438,11542
Nebraska,2025,264841.60412935645,14,1403,8,6,2018006,24396,18260,6233
Nevada,2010,149850.7091222566,0,0,0,0,2702483,NA,NA,NA
Nevada,2011,135301.47986649614,0,0,0,0,2713114,NA,NA,NA
Nevada,2012,132475.18452299508,0,0,0,0,2744670,NA,NA,NA
Nevada,2013,162958.76229030368,0,0,0,0,2776956,NA,NA,NA
Nevada,2014,192806.75561102145,0,0,0,0,2818935,NA,NA,NA
Nevada,2015,209366.75130931387,0,0,0,0,2868531,NA,NA,NA
Nevada,2016,226637.69261774863,0,0,0,0,2919555,NA,NA,NA
Nevada,2017,247852.30260607705,16,2462,13,3,2972097,NA,NA,NA
Nevada,2018,282534.88387621834,23,4389,19,4,3030725,NA,NA,NA
Nevada,2019,302736.07903818693,24,5287,16,8,3090771,NA,NA,NA
Nevada,2020,314358.2823734621,382,146026,17,360,3116851,8153,6990,10465
Nevada,2021,365573.30091335136,23,1643,6,15,3148472,33340,32360,29663
Nevada,2022,438646.2881123172,43,2160,29,14,3177672,33523,33461,29314
Nevada,2023,420342.6914340186,41,6369,21,20,3211077,32747,29391,30469
Nevada,2024,440093.73347644444,46,8691,27,19,3253543,31894,29163,39644
Nevada,2025,447112.03805881966,51,3932,35,16,3282188,32511,29460,25465
New Hampshire,2010,212168.3594290722,11,1203,5,0,1316807,NA,NA,NA
New Hampshire,2011,205866.37915051676,9,1171,2,1,1320444,NA,NA,NA
New Hampshire,2012,201929.73092031726,12,1293,0,0,1324677,NA,NA,NA
New Hampshire,2013,207038.3575747276,4,328,0,1,1327272,NA,NA,NA
New Hampshire,2014,214829.4036379965,3,211,0,3,1334257,NA,NA,NA
New Hampshire,2015,223757.79508047958,3,331,2,0,1337480,NA,NA,NA
New Hampshire,2016,234434.4361311376,5,830,1,0,1343694,NA,NA,NA
New Hampshire,2017,249150.6690354325,6,296,1,0,1350395,NA,NA,NA
New Hampshire,2018,265987.8284190642,7,457,1,1,1355064,NA,NA,NA
New Hampshire,2019,277985.1806434812,7,942,0,0,1360783,NA,NA,NA
New Hampshire,2020,299314.8219025375,17,1163,1,1,1378752,2993,3492,1373
New Hampshire,2021,355332.8522081261,4,249,1,0,1387907,12067,13729,10168
New Hampshire,2022,408332.22499173693,5,792,2,0,1396647,12328,14712,11294
New Hampshire,2023,435117.0172381811,7,388,0,1,1401530,12098,14334,7305
New Hampshire,2024,467902.9787209582,7,450,3,1,1408518,11794,14214,9453
New Hampshire,2025,485283.2812465969,4,224,2,0,1415342,11911,14078,8957
New Jersey,2010,299120.29737520183,98,12393,0,0,8799451,NA,NA,NA
New Jersey,2011,280825.49710792676,89,14549,0,0,8828552,NA,NA,NA
New Jersey,2012,270509.23205542914,98,15766,0,0,8845671,NA,NA,NA
New Jersey,2013,275881.5036484505,75,9284,0,0,8857821,NA,NA,NA
New Jersey,2014,290029.5360890343,111,24070,0,0,8867277,NA,NA,NA
New Jersey,2015,296625.49059394584,170,23637,0,0,8870312,NA,NA,NA
New Jersey,2016,306252.4940787188,55,8939,0,0,8873584,NA,NA,NA
New Jersey,2017,316031.2159083102,85,8346,0,0,8888147,NA,NA,NA
New Jersey,2018,329594.837982072,80,10745,0,0,8891730,NA,NA,NA
New Jersey,2019,342606.76854887506,90,10818,0,0,8891258,NA,NA,NA
New Jersey,2020,361636.7542383189,228,74350,0,0,9270476,24693,34022,-10160
New Jersey,2021,410688.0184655606,61,11374,0,0,9266509,97972,84115,-19567
New Jersey,2022,453529.243717583,29,3795,0,0,9298402,102595,82755,13857
New Jersey,2023,479951.5406199691,108,11842,0,0,9395315,102445,77211,72300
New Jersey,2024,521912.3370984135,101,15359,0,0,9506354,101187,75593,85568
New Jersey,2025,546319.0220774355,97,13593,0,0,9548215,100999,74976,15636
New Mexico,2010,173731.78842789037,0,0,0,0,2064614,NA,NA,NA
New Mexico,2011,164022.57984187355,0,0,0,0,2080707,NA,NA,NA
New Mexico,2012,161420.03709452887,0,0,0,0,2087715,NA,NA,NA
New Mexico,2013,163182.71257148625,0,0,0,0,2092833,NA,NA,NA
New Mexico,2014,165445.33435860876,0,0,0,0,2090236,NA,NA,NA
New Mexico,2015,168512.19978561217,0,0,0,0,2090071,NA,NA,NA
New Mexico,2016,172715.05849287452,17,2267,0,0,2092555,NA,NA,NA
New Mexico,2017,177341.32811150965,5,942,0,0,2092844,NA,NA,NA
New Mexico,2018,184158.9014418166,8,1222,0,0,2093754,NA,NA,NA
New Mexico,2019,194098.26360888718,11,2144,0,0,2099634,NA,NA,NA
New Mexico,2020,209402.08879014727,28,3584,0,0,2118446,5331,5559,877
New Mexico,2021,241866.74912538077,7,874,0,0,2117300,21417,24722,1282
New Mexico,2022,276369.79828386125,12,791,0,0,2112859,21427,25472,211
New Mexico,2023,288598.54040381225,16,1070,0,0,2119349,21582,22367,7520
New Mexico,2024,301175.9210191767,6,1143,0,0,2126774,20942,22167,8703
New Mexico,2025,307668.1262596934,5,830,0,0,2125498,20235,22120,612
New York,2010,258251.59613039362,287,31404,174,113,19399956,NA,NA,NA
New York,2011,252151.1038067671,467,32790,308,160,19499921,NA,NA,NA
New York,2012,249070.6884064762,388,25890,257,135,19574362,NA,NA,NA
New York,2013,254591.46783292832,371,33414,292,79,19626488,NA,NA,NA
New York,2014,263955.7256231544,473,28452,282,191,19653431,NA,NA,NA
New York,2015,272446.47309336974,506,49246,327,179,19657321,NA,NA,NA
New York,2016,284748.5818365567,366,21603,234,132,19636391,NA,NA,NA
New York,2017,300864.017346458,355,24600,260,95,19593849,NA,NA,NA
New York,2018,320088.6195493967,432,25978,331,103,19544098,NA,NA,NA
New York,2019,337015.5084178072,415,26221,311,112,19463131,NA,NA,NA
New York,2020,353588.3141207029,2031,218891,959,1093,20122262,53088,72825,-58903
New York,2021,391937.545935101,0,0,0,0,19835345,205539,177237,-297418
New York,2022,427218.21407320275,0,0,0,0,19713025,209944,176586,-163340
New York,2023,436144.43010701536,0,0,0,0,19786543,205879,166689,33531
New York,2024,464834.5063124194,0,0,0,0,20001419,205405,161811,171406
New York,2025,487386.4845541135,0,0,0,0,20002427,203078,160263,-41952
North Carolina,2010,158965.43603119793,0,0,0,0,9574586,NA,NA,NA
North Carolina,2011,151844.8889237506,0,0,0,0,9658913,NA,NA,NA
North Carolina,2012,148885.64530034026,96,6472,69,27,9751810,NA,NA,NA
North Carolina,2013,151531.64223511954,85,9985,54,31,9846717,NA,NA,NA
North Carolina,2014,156622.48160794243,59,8103,39,20,9937295,NA,NA,NA
North Carolina,2015,162083.57004039522,48,6364,26,22,10037218,NA,NA,NA
North Carolina,2016,170660.7546244517,80,12151,38,42,10161802,NA,NA,NA
North Carolina,2017,180848.06378806167,57,8249,39,18,10275758,NA,NA,NA
North Carolina,2018,193075.1804213703,106,10496,57,49,10391358,NA,NA,NA
North Carolina,2019,204918.41658144526,74,8706,41,33,10501384,NA,NA,NA
North Carolina,2020,220620.57094330658,369,30345,56,313,10450215,28679,25884,9468
North Carolina,2021,259788.73480296024,53,5140,21,32,10565503,116720,115540,113553
North Carolina,2022,308352.5415945466,41,6116,23,18,10705768,121548,118289,136268
North Carolina,2023,319954.1834483551,99,8643,58,41,10871849,121274,108957,152700
North Carolina,2024,331174.7182431494,70,6413,46,24,11052061,121444,107905,165958
North Carolina,2025,331473.6382082254,89,8555,55,34,11197968,123046,107917,130954
North Dakota,2010,160727.80836344094,0,0,0,0,674752,NA,NA,NA
North Dakota,2011,162788.59270656778,0,0,0,0,685526,NA,NA,NA
North Dakota,2012,169683.7863980614,0,0,0,0,702227,NA,NA,NA
North Dakota,2013,189905.87597567885,0,0,0,0,723149,NA,NA,NA
North Dakota,2014,202463.84717099092,0,0,0,0,738736,NA,NA,NA
North Dakota,2015,218636.5815444926,14,832,0,0,755537,NA,NA,NA
North Dakota,2016,223258.97211284368,20,1750,0,0,756114,NA,NA,NA
North Dakota,2017,219734.76668610936,8,1774,0,0,756755,NA,NA,NA
North Dakota,2018,215855.10289740353,2,134,0,0,760062,NA,NA,NA
North Dakota,2019,218084.29532467993,4,386,0,0,763724,NA,NA,NA
North Dakota,2020,225002.71995296373,32,4460,0,0,779612,2560,1768,-417
North Dakota,2021,235611.33659630656,0,0,0,0,777977,10010,7831,-3425
North Dakota,2022,252302.68358980064,2,608,0,0,780191,9761,7368,-190
North Dakota,2023,254876.1848489911,10,260,0,0,787071,9729,6936,4088
North Dakota,2024,258110.3996714366,4,12,0,0,793387,9583,6905,3660
North Dakota,2025,269849.27127953543,8,404,2,2,799358,9760,7130,3322
Ohio,2010,114916.86368306068,90,11354,0,0,11539449,NA,NA,NA
Ohio,2011,109508.91070814751,66,10161,0,0,11545735,NA,NA,NA
Ohio,2012,107578.6413364593,92,12590,0,0,11550971,NA,NA,NA
Ohio,2013,110683.96980551846,68,10378,0,0,11579692,NA,NA,NA
Ohio,2014,114512.55146771863,68,8597,0,0,11606573,NA,NA,NA
Ohio,2015,119213.98744592992,64,8649,0,0,11622315,NA,NA,NA
Ohio,2016,125287.9280972582,104,10286,0,0,11640060,NA,NA,NA
Ohio,2017,131416.3955700398,96,13181,0,0,11665706,NA,NA,NA
Ohio,2018,139645.94911307437,71,12362,0,0,11680892,NA,NA,NA
Ohio,2019,148249.2088190816,99,12892,0,0,11696507,NA,NA,NA
Ohio,2020,158820.66739937302,368,54279,0,0,11798534,32332,33790,-2232
Ohio,2021,181228.68937520843,47,4057,0,0,11761443,128188,146978,-23201
Ohio,2022,200344.92564004907,54,6615,0,0,11764950,128825,149201,28796
Ohio,2023,209395.76074999402,82,8003,0,0,11808390,128738,131764,48161
Ohio,2024,222289.4323134187,94,12526,0,0,11860621,126625,127985,54516
Ohio,2025,231670.80734989687,90,13154,47,33,11900510,126825,127554,40431
Oklahoma,2010,112649.88971585523,17,2663,0,0,3760014,NA,NA,NA
Oklahoma,2011,109851.23398302765,14,1772,0,0,3788824,NA,NA,NA
Oklahoma,2012,109730.4122620206,18,2953,0,0,3819320,NA,NA,NA
Oklahoma,2013,112809.59165397681,16,3198,0,0,3853891,NA,NA,NA
Oklahoma,2014,116711.01799249399,17,2190,0,0,3879187,NA,NA,NA
Oklahoma,2015,121505.63979107054,27,3819,0,0,3910518,NA,NA,NA
Oklahoma,2016,125066.55176856226,25,3454,0,0,3928143,NA,NA,NA
Oklahoma,2017,128478.84888249497,20,2076,0,0,3933602,NA,NA,NA
Oklahoma,2018,133165.64046961843,10,1223,0,0,3943488,NA,NA,NA
Oklahoma,2019,138796.50916766853,24,3126,0,0,3960676,NA,NA,NA
Oklahoma,2020,148878.04060691476,83,9578,0,0,3965243,11614,10355,4026
Oklahoma,2021,169104.24885235564,15,1611,0,0,3992760,47619,50871,29100
Oklahoma,2022,192354.8521492751,20,1688,0,0,4025327,48353,51596,36783
Oklahoma,2023,200934.91878007507,14,853,0,0,4062716,48864,45126,33875
Oklahoma,2024,207918.4889351633,9,1290,0,0,4097758,47829,44917,32242
Oklahoma,2025,212565.80930114986,0,0,0,0,4123288,48603,46044,22912
Oregon,2010,221969.5436385491,6,841,4,0,3837614,NA,NA,NA
Oregon,2011,203546.45727877127,12,949,8,3,3872672,NA,NA,NA
Oregon,2012,198651.1675396567,23,1594,20,2,3900102,NA,NA,NA
Oregon,2013,216235.3174915291,36,4339,21,10,3924110,NA,NA,NA
Oregon,2014,236798.94699307947,18,930,7,9,3965447,NA,NA,NA
Oregon,2015,258679.70570185868,23,2823,13,10,4018542,NA,NA,NA
Oregon,2016,291387.96612323174,53,4152,18,31,4093271,NA,NA,NA
Oregon,2017,319503.8491768812,38,4312,16,22,4147294,NA,NA,NA
Oregon,2018,341653.63059451705,50,2444,33,16,4183538,NA,NA,NA
Oregon,2019,355000.5401520719,38,3214,29,2,4216116,NA,NA,NA
Oregon,2020,376712.6276508056,182,20577,22,94,4243544,10277,9543,5661
Oregon,2021,441227.2233002995,20,2721,7,9,4254691,39632,41866,12280
Oregon,2022,493165.6182621293,15,1760,5,10,4245964,40461,46314,-2046
Oregon,2023,484098.03106428887,39,3025,26,11,4250392,38822,43482,9463
Oregon,2024,490671.8619513346,34,5438,11,17,4265324,38840,42526,18844
Oregon,2025,491936.28760298796,51,8114,14,35,4273586,38334,42098,11864
Pennsylvania,2010,161381.36712488017,96,11668,49,46,12711406,NA,NA,NA
Pennsylvania,2011,154897.7745427426,159,14198,6,7,12747052,NA,NA,NA
Pennsylvania,2012,152808.11373149572,131,13869,0,0,12769123,NA,NA,NA
Pennsylvania,2013,154216.4669131201,82,9905,0,0,12779538,NA,NA,NA
Pennsylvania,2014,156656.48983019477,116,14250,0,0,12792392,NA,NA,NA
Pennsylvania,2015,159410.729873192,115,15120,0,0,12789838,NA,NA,NA
Pennsylvania,2016,164363.1689203096,105,13876,0,0,12788468,NA,NA,NA
Pennsylvania,2017,170438.01478567743,105,9355,32,18,12794679,NA,NA,NA
Pennsylvania,2018,178635.43369776476,138,13930,100,37,12809107,NA,NA,NA
Pennsylvania,2019,186177.52626185032,102,15987,75,26,12798883,NA,NA,NA
Pennsylvania,2020,198677.63060223815,425,68967,165,260,12995576,32886,40353,-2918
Pennsylvania,2021,224325.4054693002,56,8341,36,19,13016628,130148,155831,38797
Pennsylvania,2022,245049.09444934787,47,8400,25,22,12984655,131590,155234,-3439
Pennsylvania,2023,253503.00379943007,62,8208,35,27,13009406,129053,141231,38794
Pennsylvania,2024,265245.5830082616,84,10102,56,28,13045848,127537,137190,47212
Pennsylvania,2025,273997.61351847707,96,15846,57,39,13059432,126981,137689,23985
Rhode Island,2010,229443.1091184138,5,391,2,0,1053994,NA,NA,NA
Rhode Island,2011,218395.84625391118,8,479,6,0,1053829,NA,NA,NA
Rhode Island,2012,208211.44532284414,3,271,3,0,1054893,NA,NA,NA
Rhode Island,2013,213792.9358167006,5,132,4,0,1055560,NA,NA,NA
Rhode Island,2014,222978.76279657873,4,311,2,0,1056511,NA,NA,NA
Rhode Island,2015,230492.7739149109,3,417,1,0,1056886,NA,NA,NA
Rhode Island,2016,244793.19037760873,7,793,5,0,1057816,NA,NA,NA
Rhode Island,2017,262686.9710027278,1,171,1,0,1056554,NA,NA,NA
Rhode Island,2018,280918.85304563545,7,1096,6,0,1059338,NA,NA,NA
Rhode Island,2019,291008.46073676494,4,303,4,0,1058158,NA,NA,NA
Rhode Island,2020,310113.2613222928,23,3170,2,0,1096487,2544,3379,-317
Rhode Island,2021,360208.0417881544,2,558,1,0,1097381,10025,11305,1475
Rhode Island,2022,403728.1078911434,3,276,0,0,1098275,10449,11068,1956
Rhode Island,2023,425058.016313352,8,1171,6,0,1101183,10049,10543,3592
Rhode Island,2024,458295.6403413611,13,2112,3,8,1110415,9908,10299,9699
Rhode Island,2025,478911.0333448989,9,1548,3,6,1114521,10021,10325,4372
South Carolina,2010,148129.36758269413,0,0,0,0,4635846,NA,NA,NA
South Carolina,2011,140388.66706158145,0,0,0,0,4672655,NA,NA,NA
South Carolina,2012,139287.69127309817,169,6213,101,68,4719027,NA,NA,NA
South Carolina,2013,143058.69016182274,30,4251,15,13,4766469,NA,NA,NA
South Carolina,2014,148655.47165736507,21,2500,15,6,4826858,NA,NA,NA
South Carolina,2015,154605.08764481207,32,4275,24,8,4896006,NA,NA,NA
South Carolina,2016,163532.42365367417,32,2625,29,3,4963031,NA,NA,NA
South Carolina,2017,171373.2869709037,26,8005,18,8,5027102,NA,NA,NA
South Carolina,2018,181360.64837812015,31,5123,19,12,5091702,NA,NA,NA
South Carolina,2019,190856.91109213766,49,6185,22,27,5157702,NA,NA,NA
South Carolina,2020,203911.3547409685,149,22592,26,123,5131992,13527,14085,15127
South Carolina,2021,234710.95728423374,29,3390,15,14,5194346,55879,65049,72432
South Carolina,2022,277321.28028349514,43,5126,29,14,5288957,57655,64806,98706
South Carolina,2023,289604.3291171243,48,4471,25,23,5390798,58198,59063,101204
South Carolina,2024,298849.5971623028,50,5131,24,26,5490316,58035,58560,99127
South Carolina,2025,299373.85151230084,41,5439,20,21,5570274,59681,59117,79552
South Dakota,2010,143120.33542047863,2,84,0,0,816193,NA,NA,NA
South Dakota,2011,142698.6483921989,3,419,0,0,823740,NA,NA,NA
South Dakota,2012,148202.2549167795,6,434,0,0,833859,NA,NA,NA
South Dakota,2013,156904.5902570526,4,328,0,0,842751,NA,NA,NA
South Dakota,2014,161572.76950629486,2,977,0,0,849670,NA,NA,NA
South Dakota,2015,168641.13728555004,2,290,0,0,854663,NA,NA,NA
South Dakota,2016,176696.5726111918,1,63,0,0,863693,NA,NA,NA
South Dakota,2017,184183.3869360595,1,58,0,0,873732,NA,NA,NA
South Dakota,2018,192918.92140956307,6,926,0,0,879386,NA,NA,NA
South Dakota,2019,202495.75445792297,2,164,0,0,887127,NA,NA,NA
South Dakota,2020,215192.63020938225,7,804,0,0,887808,2841,2054,362
South Dakota,2021,244860.79933685495,1,300,0,0,896303,11064,9872,7278
South Dakota,2022,282799.2308801238,5,662,0,0,909156,11244,9282,10548
South Dakota,2023,291021.6285565238,5,612,3,0,917739,11183,8586,5875
South Dakota,2024,297749.04905185057,6,651,5,1,927110,11309,8687,6684
South Dakota,2025,305392.87817244383,5,414,3,2,935094,11299,8694,5352
Tennessee,2010,140490.84218684776,0,0,0,0,6355518,NA,NA,NA
Tennessee,2011,135807.22940971388,4,313,2,1,6400298,NA,NA,NA
Tennessee,2012,135325.9219370393,160,9445,52,98,6455752,NA,NA,NA
Tennessee,2013,138842.91191911575,103,9769,36,66,6496943,NA,NA,NA
Tennessee,2014,144992.5556195721,71,3931,25,46,6544617,NA,NA,NA
Tennessee,2015,152522.91958473867,72,8592,42,30,6595354,NA,NA,NA
Tennessee,2016,163303.7506035564,55,8523,34,21,6651277,NA,NA,NA
Tennessee,2017,175650.57608153723,46,6430,23,22,6714748,NA,NA,NA
Tennessee,2018,188503.8628850745,39,4631,1,0,6778180,NA,NA,NA
Tennessee,2019,201696.82794702062,31,3830,0,0,6830325,NA,NA,NA
Tennessee,2020,218815.9123707595,275,37579,0,0,6927736,19280,18918,14936
Tennessee,2021,254962.5474588081,21,2218,0,0,6966687,79603,89394,49512
Tennessee,2022,303684.1594881405,13,2232,0,0,7063325,82228,91620,102443
Tennessee,2023,313546.84151072527,50,4837,0,0,7153029,83201,81142,86526
Tennessee,2024,324905.32644882007,55,6797,1,2,7251291,83396,80107,94472
Tennessee,2025,326764.61764990643,51,8307,29,22,7315076,84408,80811,60379
Texas,2010,140110.81327612308,153,13006,0,0,25241897,NA,NA,NA
Texas,2011,135742.55934940313,162,16675,0,0,25645504,NA,NA,NA
Texas,2012,136176.20364640618,164,19997,0,0,26084120,NA,NA,NA
Texas,2013,143150.93688714653,186,19272,0,0,26479646,NA,NA,NA
Texas,2014,154498.5661513782,155,16230,0,0,26963092,NA,NA,NA
Texas,2015,167333.41592050222,251,29441,0,0,27468531,NA,NA,NA
Texas,2016,180164.23535602275,254,27946,0,0,27914064,NA,NA,NA
Texas,2017,191991.19997997276,225,19734,0,0,28291024,NA,NA,NA
Texas,2018,203950.51591111626,177,21788,0,0,28624564,NA,NA,NA
Texas,2019,213239.1277495397,161,15519,0,0,28986794,NA,NA,NA
Texas,2020,224604.84293442924,1180,91695,0,0,29237895,88105,55689,54457
Texas,2021,257461.555497471,165,14516,0,0,29572672,364360,269979,242841
Texas,2022,303346.02165286534,81,6755,0,0,30118002,383791,260655,417211
Texas,2023,305657.7775411721,228,24262,0,0,30719247,390308,231625,440357
Texas,2024,306120.97350313736,194,26733,0,0,31318578,387626,230260,440931
Texas,2025,300639.9007433235,280,24212,0,0,31709821,390203,232492,234774
Utah,2010,203564.2737389937,15,1644,0,0,2775413,NA,NA,NA
Utah,2011,188129.9890148223,16,1372,0,0,2814797,NA,NA,NA
Utah,2012,189837.54441128357,8,2218,0,0,2854146,NA,NA,NA
Utah,2013,210132.37926289538,11,1241,0,0,2898773,NA,NA,NA
Utah,2014,223916.56024594777,15,2646,0,0,2938327,NA,NA,NA
Utah,2015,237769.9826051427,19,2094,0,0,2983626,NA,NA,NA
Utah,2016,260219.38258650343,17,2050,0,0,3044241,NA,NA,NA
Utah,2017,282687.617451537,13,1502,0,0,3103540,NA,NA,NA
Utah,2018,309298.9512486025,18,2489,0,0,3155153,NA,NA,NA
Utah,2019,333333.9046455553,7,425,0,0,3203383,NA,NA,NA
Utah,2020,363124.2455551649,33,5375,0,0,3283970,11868,4967,4771
Utah,2021,445999.38881845266,11,1459,0,0,3339874,45687,22007,32305
Utah,2022,522488.37120712467,9,1464,0,0,3393928,46261,23362,31549
Utah,2023,505704.32539506553,22,1884,0,0,3449259,45440,21147,31003
Utah,2024,513181.94239425496,13,2463,0,0,3502983,45668,21529,29558
Utah,2025,523114.36091581685,18,1872,0,0,3538904,46948,21987,10844
Vermont,2010,207122.7875111886,2,179,0,0,625886,NA,NA,NA
Vermont,2011,207275.40819790037,3,89,0,0,627197,NA,NA,NA
Vermont,2012,210476.4768995554,2,14,0,0,626361,NA,NA,NA
Vermont,2013,216884.00526333696,2,201,0,0,626603,NA,NA,NA
Vermont,2014,220723.30353008755,3,396,0,0,625693,NA,NA,NA
Vermont,2015,225873.5442716521,9,453,0,0,625810,NA,NA,NA
Vermont,2016,229035.19626982225,4,306,0,0,624366,NA,NA,NA
Vermont,2017,239276.75437161987,5,205,0,0,625132,NA,NA,NA
Vermont,2018,249711.46800075425,7,590,0,0,624802,NA,NA,NA
Vermont,2019,256152.2469024399,4,472,0,0,624046,NA,NA,NA
Vermont,2020,270559.59095764667,10,901,0,0,642965,1303,1555,-31
Vermont,2021,312603.2665747369,4,579,0,0,647238,5156,6435,5253
Vermont,2022,354476.18208833825,2,228,0,0,647614,5409,7202,2512
Vermont,2023,372944.5140466535,0,0,0,0,647722,5089,6833,1967
Vermont,2024,384630.2607921309,4,341,0,0,646521,5039,6871,681
Vermont,2025,379388.03643850924,6,361,0,0,644663,4979,6748,-103
Virginia,2010,221132.1431623265,15,1448,3,12,8024004,NA,NA,NA
Virginia,2011,213923.79837720832,59,6318,30,29,8102437,NA,NA,NA
Virginia,2012,215171.43651189914,79,8128,34,45,8187456,NA,NA,NA
Virginia,2013,225354.69369238033,73,7278,16,57,8255861,NA,NA,NA
Virginia,2014,232648.6916609846,65,6986,19,46,8315430,NA,NA,NA
Virginia,2015,237889.2440705283,48,8561,22,26,8367303,NA,NA,NA
Virginia,2016,244783.82632086304,58,8101,34,24,8417651,NA,NA,NA
Virginia,2017,253399.38225134593,67,6969,46,21,8471011,NA,NA,NA
Virginia,2018,262817.35158709926,97,9791,66,31,8510920,NA,NA,NA
Virginia,2019,272591.8222693109,57,7407,29,28,8556642,NA,NA,NA
Virginia,2020,288235.7655206,229,30294,27,202,8637303,23617,19727,730
Virginia,2021,324017.7141803674,45,4475,12,33,8660007,94434,83773,10647
Virginia,2022,356507.340307984,29,2577,9,20,8681038,95761,86290,11955
Virginia,2023,370711.2088438305,53,4850,29,24,8732034,94600,79649,36165
Virginia,2024,389812.16970750835,31,4008,17,14,8819642,93837,78487,72315
Virginia,2025,400222.2008111029,60,6675,23,36,8880107,92070,78253,46704
Washington,2010,257270.00943317148,31,2781,13,18,6743009,NA,NA,NA
Washington,2011,234096.44178202865,35,4716,23,12,6827479,NA,NA,NA
Washington,2012,220643.71817799498,46,6271,30,16,6898599,NA,NA,NA
Washington,2013,235750.6596440266,59,6435,38,21,6966252,NA,NA,NA
Washington,2014,254039.06496595524,48,5882,21,27,7057531,NA,NA,NA
Washington,2015,274266.29604858987,41,5142,19,22,7167287,NA,NA,NA
Washington,2016,304863.372498684,59,6945,44,15,7299961,NA,NA,NA
Washington,2017,338311.18949252897,42,5990,17,25,7427951,NA,NA,NA
Washington,2018,373509.9886790903,35,3509,28,7,7526793,NA,NA,NA
Washington,2019,392983.5157581904,63,9351,45,18,7614024,NA,NA,NA
Washington,2020,427198.79936223954,262,46425,34,227,7726812,21080,15110,12548
Washington,2021,507801.8441726185,34,3286,14,20,7744316,82557,64741,-1009
Washington,2022,577960.4426482744,30,4365,15,15,7786828,83955,70619,32214
Washington,2023,564492.2354140725,73,21963,25,48,7838655,82165,67733,38195
Washington,2024,583738.7858568636,63,10207,34,29,7927958,82149,65455,72889
Washington,2025,589754.7836728067,115,29156,40,73,8001020,83368,66138,55440
West Virginia,2010,99710.57724317689,0,0,0,0,1854265,NA,NA,NA
West Virginia,2011,98487.79804723861,0,0,0,0,1856606,NA,NA,NA
West Virginia,2012,100018.09754007176,0,0,0,0,1857446,NA,NA,NA
West Virginia,2013,101060.72772335171,0,0,0,0,1854768,NA,NA,NA
West Virginia,2014,100465.7618150527,0,0,0,0,1850569,NA,NA,NA
West Virginia,2015,106591.08309364163,32,3688,2,30,1843332,NA,NA,NA
West Virginia,2016,109430.52356229481,43,5695,13,30,1832435,NA,NA,NA
West Virginia,2017,110360.28249388546,21,1290,10,11,1818683,NA,NA,NA
West Virginia,2018,114109.02204414763,18,1767,6,12,1805953,NA,NA,NA
West Virginia,2019,116714.00168065027,22,3622,14,8,1795263,NA,NA,NA
West Virginia,2020,121877.75442003326,81,18035,6,75,1791670,4318,5860,-760
West Virginia,2021,138336.15749251403,5,1462,2,3,1785921,17133,27581,3755
West Virginia,2022,150295.14865127532,4,396,1,2,1774003,17115,29938,1525
West Virginia,2023,154563.9341397161,13,1494,10,3,1770036,16983,25805,5098
West Virginia,2024,162623.80838269842,8,1562,2,4,1767402,16818,24758,5421
West Virginia,2025,168072.70115434032,21,2144,3,18,1766147,16954,24841,6652
Wisconsin,2010,158834.1915927629,0,0,0,0,5690538,NA,NA,NA
Wisconsin,2011,148497.1723483311,0,0,0,0,5705840,NA,NA,NA
Wisconsin,2012,145400.6812733663,0,0,0,0,5720825,NA,NA,NA
Wisconsin,2013,149388.62414527015,0,0,0,0,5738012,NA,NA,NA
Wisconsin,2014,154911.11305323325,0,0,0,0,5753199,NA,NA,NA
Wisconsin,2015,159669.62289772776,0,0,0,0,5762927,NA,NA,NA
Wisconsin,2016,167756.40315673582,79,6671,44,2,5775170,NA,NA,NA
Wisconsin,2017,177503.34836823237,59,7468,45,4,5793147,NA,NA,NA
Wisconsin,2018,188773.37620140103,78,9801,43,12,5809319,NA,NA,NA
Wisconsin,2019,200641.87179404756,85,8987,59,4,5824581,NA,NA,NA
Wisconsin,2020,214271.57352410862,279,39226,84,19,5897371,15536,14146,281
Wisconsin,2021,242214.72066897887,34,2336,20,0,5882128,59947,61969,-15110
Wisconsin,2022,265957.54394136166,41,3851,32,1,5903472,60704,63557,26393
Wisconsin,2023,282213.5429386742,109,6089,36,1,5930350,60074,58672,26297
Wisconsin,2024,297035.979696773,99,7744,63,0,5957168,59434,57490,25223
Wisconsin,2025,310776.5054872528,68,4583,35,9,5972787,59167,58006,14244
Wyoming,2010,194469.48088304204,0,0,0,0,564531,NA,NA,NA
Wyoming,2011,192646.67478119396,0,0,0,0,567491,NA,NA,NA
Wyoming,2012,198118.67812363704,0,0,0,0,576656,NA,NA,NA
Wyoming,2013,206000.8607007945,0,0,0,0,582620,NA,NA,NA
Wyoming,2014,209351.99713469538,0,0,0,0,583159,NA,NA,NA
Wyoming,2015,220823.3273760252,0,0,0,0,586389,NA,NA,NA
Wyoming,2016,227689.72985077332,0,0,0,0,585243,NA,NA,NA
Wyoming,2017,228522.02917008934,0,0,0,0,579994,NA,NA,NA
Wyoming,2018,232236.44362131678,0,0,0,0,579054,NA,NA,NA
Wyoming,2019,242692.01019434692,0,0,0,0,580116,NA,NA,NA
Wyoming,2020,258274.17988160148,0,0,0,0,577669,1585,1304,446
Wyoming,2021,284297.9420491279,0,0,0,0,579662,6131,6185,2014
Wyoming,2022,314760.5206851053,0,0,0,0,581742,6121,6748,2787
Wyoming,2023,326454.0111486274,0,0,0,0,584666,6065,5701,2592
Wyoming,2024,337581.06530551065,0,0,0,0,586722,6036,5759,1781
Wyoming,2025,353446.3731357738,0,0,0,0,588753,6070,5775,1732
